{"链接": "http://blog.sina.com.cn/s/blog_475b3d560102wo6x.html", "收藏": "19", "喜欢": "852", "阅读": "46", "转载": "98", "评论": "45120"},
{"链接": "http://blog.sina.com.cn/s/blog_475b3d560102xeoh.html", "收藏": "1", "喜欢": "14", "阅读": "1509", "转载": "10", "评论": "2"},
{"链接": "http://blog.sina.com.cn/s/blog_475b3d560102xeoi.html", "收藏": "0", "喜欢": "14", "阅读": "4", "转载": "20", "评论": "1950"},
{"链接": "http://blog.sina.com.cn/s/blog_475b3d560102v8fk.html", "收藏": "485", "喜欢": "72504", "阅读": "109", "转载": "1722", "评论": "679"},
{"链接": "http://blog.sina.com.cn/s/blog_475b3d560102vasj.html", "收藏": "37", "喜欢": "83", "阅读": "3804", "转载": "167", "评论": "19"},
{"链接": "http://blog.sina.com.cn/s/blog_475b3d560102vask.html", "收藏": "156", "喜欢": "309", "阅读": "7818", "转载": "396", "评论": "52"},
{"链接": "http://blog.sina.com.cn/s/blog_475b3d560102vfpd.html", "收藏": "9", "喜欢": "41", "阅读": "3201", "转载": "59", "评论": "14"},
{"链接": "http://blog.sina.com.cn/s/blog_475b3d560100bw6t.html", "收藏": "54", "喜欢": "37", "阅读": "62243", "转载": "99", "评论": "122"},
{"链接": "http://blog.sina.com.cn/s/blog_475b3d560100c8a2.html", "收藏": "144", "喜欢": "114", "阅读": "112675", "转载": "465", "评论": "148"},
{"链接": "http://blog.sina.com.cn/s/blog_475b3d560100c9yc.html", "收藏": "73", "喜欢": "36435", "阅读": "2", "转载": "121", "评论": "25"},
{"链接": "http://blog.sina.com.cn/s/blog_475b3d560100ce8s.html", "收藏": "131", "喜欢": "53270", "阅读": "89", "转载": "277", "评论": "37"},
{"链接": "http://blog.sina.com.cn/s/blog_475b3d560100cjp4.html", "收藏": "114", "喜欢": "28", "阅读": "119533", "转载": "170", "评论": "183"},
{"链接": "http://blog.sina.com.cn/s/blog_475b3d5601009mnh.html", "收藏": "175", "喜欢": "208", "阅读": "115676", "转载": "422", "评论": "106"},
{"链接": "http://blog.sina.com.cn/s/blog_475b3d5601000ayc.html", "收藏": "14", "喜欢": "4", "阅读": "43486", "转载": "40", "评论": "59"},
{"链接": "http://blog.sina.com.cn/s/blog_475b3d5601000b1b.html", "收藏": "16", "喜欢": "11", "阅读": "88", "转载": "48", "评论": "52097"},
{"链接": "http://blog.sina.com.cn/s/blog_475b3d5601000b2z.html", "收藏": "46", "喜欢": "11", "阅读": "49728", "转载": "122", "评论": "79"},
{"链接": "http://blog.sina.com.cn/s/blog_475b3d5601000b4t.html", "收藏": "44", "喜欢": "4", "阅读": "22148", "转载": "116", "评论": "99"},
{"链接": "http://blog.sina.com.cn/s/blog_475b3d5601000b6b.html", "收藏": "44", "喜欢": "2", "阅读": "74", "转载": "113", "评论": "16698"},
{"链接": "http://blog.sina.com.cn/s/blog_475b3d5601000b90.html", "收藏": "51", "喜欢": "24521", "阅读": "9", "转载": "147", "评论": "49"},
{"链接": "http://blog.sina.com.cn/s/blog_475b3d5601000b9u.html", "收藏": "56", "喜欢": "8", "阅读": "109", "转载": "135", "评论": "31810"},
{"链接": "http://blog.sina.com.cn/s/blog_475b3d5601000bfs.html", "收藏": "22", "喜欢": "26327", "阅读": "8", "转载": "61", "评论": "91"},
{"链接": "http://blog.sina.com.cn/s/blog_475b3d5601000bde.html", "收藏": "33", "喜欢": "8", "阅读": "86", "转载": "98", "评论": "45161"},
{"链接": "http://blog.sina.com.cn/s/blog_475b3d560100083e.html", "收藏": "84", "喜欢": "94", "阅读": "5", "转载": "719", "评论": "114247"},
{"链接": "http://blog.sina.com.cn/s/blog_475b3d560102wr6g.html", "收藏": "55", "喜欢": "166", "阅读": "10769", "转载": "209", "评论": "13"},
{"链接": "http://blog.sina.com.cn/s/blog_475b3d560100033m.html", "收藏": "2", "喜欢": "0", "阅读": "4233", "转载": "4", "评论": "49"},
{"链接": "http://blog.sina.com.cn/s/blog_475b3d56010003at.html", "收藏": "66", "喜欢": "163", "阅读": "148272", "转载": "309", "评论": "295"},
{"链接": "http://blog.sina.com.cn/s/blog_475b3d56010004sa.html", "收藏": "23", "喜欢": "15", "阅读": "90430", "转载": "49", "评论": "90"},
{"链接": "http://blog.sina.com.cn/s/blog_475b3d56010004wu.html", "收藏": "9", "喜欢": "2", "阅读": "12446", "转载": "11", "评论": "52"},
{"链接": "http://blog.sina.com.cn/s/blog_475b3d5601000514.html", "收藏": "10", "喜欢": "0", "阅读": "8451", "转载": "18", "评论": "101"},
{"链接": "http://blog.sina.com.cn/s/blog_475b3d56010005fl.html", "收藏": "14", "喜欢": "19587", "阅读": "14", "转载": "52", "评论": "11"},
{"链接": "http://blog.sina.com.cn/s/blog_475b3d56010005n9.html", "收藏": "232", "喜欢": "131", "阅读": "524", "转载": "1116", "评论": "149207"},
{"链接": "http://blog.sina.com.cn/s/blog_475b3d56010005pd.html", "收藏": "144", "喜欢": "38", "阅读": "61492", "转载": "624", "评论": "7"},
{"链接": "http://blog.sina.com.cn/s/blog_475b3d560102x283.html", "收藏": "44", "喜欢": "317", "阅读": "40", "转载": "348", "评论": "33047"},
{"链接": "http://blog.sina.com.cn/s/blog_475b3d56010005pe.html", "收藏": "134", "喜欢": "33", "阅读": "49725", "转载": "606", "评论": "18"},
{"链接": "http://blog.sina.com.cn/s/blog_475b3d56010005pf.html", "收藏": "135", "喜欢": "42", "阅读": "12", "转载": "618", "评论": "52362"},
{"链接": "http://blog.sina.com.cn/s/blog_475b3d56010005pg.html", "收藏": "141", "喜欢": "51", "阅读": "17", "转载": "647", "评论": "68371"},
{"链接": "http://blog.sina.com.cn/s/blog_475b3d56010000iv.html", "收藏": "268", "喜欢": "229", "阅读": "69", "转载": "1275", "评论": "133171"},
{"链接": "http://blog.sina.com.cn/s/blog_475b3d56010000iw.html", "收藏": "266", "喜欢": "158", "阅读": "91808", "转载": "1054", "评论": "49"},
{"链接": "http://blog.sina.com.cn/s/blog_475b3d56010000iy.html", "收藏": "302", "喜欢": "247", "阅读": "107", "转载": "1251", "评论": "123321"},
{"链接": "http://blog.sina.com.cn/s/blog_475b3d56010000iz.html", "收藏": "367", "喜欢": "711", "阅读": "411", "转载": "1684", "评论": "230075"},
{"链接": "http://blog.sina.com.cn/s/blog_475b3d56010002s4.html", "收藏": "16", "喜欢": "5", "阅读": "18476", "转载": "50", "评论": "118"},
{"链接": "http://blog.sina.com.cn/s/blog_475b3d56010000j2.html", "收藏": "23", "喜欢": "11596", "阅读": "9", "转载": "44", "评论": "5"},
{"链接": "http://blog.sina.com.cn/s/blog_475b3d56010000j3.html", "收藏": "29", "喜欢": "7", "阅读": "4", "转载": "91", "评论": "11477"},
{"链接": "http://blog.sina.com.cn/s/blog_475b3d56010000ix.html", "收藏": "297", "喜欢": "253", "阅读": "487", "转载": "1278", "评论": "125673"},
{"链接": "http://blog.sina.com.cn/s/blog_475b3d56010000ge.html", "收藏": "8", "喜欢": "38", "阅读": "11283", "转载": "6", "评论": "0"},
{"链接": "http://blog.sina.com.cn/s/blog_475b3d56010000iu.html", "收藏": "281", "喜欢": "729", "阅读": "286", "转载": "1667", "评论": "205080"},
{"链接": "http://blog.sina.com.cn/s/blog_475b3d56010000j5.html", "收藏": "9", "喜欢": "3", "阅读": "21388", "转载": "28", "评论": "16"},
{"链接": "http://blog.sina.com.cn/s/blog_475b3d56010000j6.html", "收藏": "11", "喜欢": "17", "阅读": "49185", "转载": "40", "评论": "8"},
{"链接": "http://blog.sina.com.cn/s/blog_475b3d56010000j7.html", "收藏": "27", "喜欢": "20", "阅读": "6", "转载": "125", "评论": "27112"},
{"链接": "http://blog.sina.com.cn/s/blog_475b3d560102wtkm.html", "收藏": "11", "喜欢": "2496", "阅读": "27", "转载": "102", "评论": "8"},
{"链接": "http://blog.sina.com.cn/s/blog_475b3d56010000jb.html", "收藏": "16", "喜欢": "7", "阅读": "7", "转载": "66", "评论": "21326"},
{"链接": "http://blog.sina.com.cn/s/blog_475b3d56010000jc.html", "收藏": "33", "喜欢": "16", "阅读": "41485", "转载": "119", "评论": "19"},
{"链接": "http://blog.sina.com.cn/s/blog_475b3d56010000jd.html", "收藏": "30", "喜欢": "43177", "阅读": "24", "转载": "102", "评论": "57"},
{"链接": "http://blog.sina.com.cn/s/blog_475b3d56010000je.html", "收藏": "34", "喜欢": "39", "阅读": "20489", "转载": "123", "评论": "8"},
{"链接": "http://blog.sina.com.cn/s/blog_475b3d56010000j0.html", "收藏": "159", "喜欢": "54", "阅读": "178", "转载": "708", "评论": "61824"},
{"链接": "http://blog.sina.com.cn/s/blog_475b3d56010000j1.html", "收藏": "158", "喜欢": "99292", "阅读": "77", "转载": "894", "评论": "26"},
{"链接": "http://blog.sina.com.cn/s/blog_475b3d56010000ja.html", "收藏": "12", "喜欢": "7", "阅读": "34400", "转载": "24", "评论": "19"},
{"链接": "http://blog.sina.com.cn/s/blog_475b3d56010000j9.html", "收藏": "11", "喜欢": "4", "阅读": "14", "转载": "35", "评论": "24224"},
{"链接": "http://blog.sina.com.cn/s/blog_475b3d56010000l5.html", "收藏": "5", "喜欢": "1", "阅读": "9", "转载": "22", "评论": "12938"},
{"链接": "http://blog.sina.com.cn/s/blog_475b3d56010000l7.html", "收藏": "31", "喜欢": "6", "阅读": "28933", "转载": "80", "评论": "45"},
{"链接": "http://blog.sina.com.cn/s/blog_475b3d56010000l8.html", "收藏": "22", "喜欢": "38833", "阅读": "15", "转载": "54", "评论": "75"},
{"链接": "http://blog.sina.com.cn/s/blog_475b3d56010000ng.html", "收藏": "13", "喜欢": "6", "阅读": "14155", "转载": "45", "评论": "18"},
{"链接": "http://blog.sina.com.cn/s/blog_475b3d56010000nh.html", "收藏": "10", "喜欢": "5", "阅读": "21", "转载": "29", "评论": "16580"},
{"链接": "http://blog.sina.com.cn/s/blog_475b3d56010000ni.html", "收藏": "15", "喜欢": "5", "阅读": "22870", "转载": "39", "评论": "10"},
{"链接": "http://blog.sina.com.cn/s/blog_475b3d56010000nj.html", "收藏": "15", "喜欢": "21651", "阅读": "20", "转载": "73", "评论": "25"},
{"链接": "http://blog.sina.com.cn/s/blog_475b3d56010000oq.html", "收藏": "17", "喜欢": "4", "阅读": "15543", "转载": "37", "评论": "32"},
{"链接": "http://blog.sina.com.cn/s/blog_475b3d56010000l3.html", "收藏": "16", "喜欢": "7", "阅读": "11", "转载": "65", "评论": "26011"},
{"链接": "http://blog.sina.com.cn/s/blog_475b3d56010000sr.html", "收藏": "22", "喜欢": "12881", "阅读": "4", "转载": "69", "评论": "26"},
{"链接": "http://blog.sina.com.cn/s/blog_475b3d56010000tj.html", "收藏": "12", "喜欢": "3", "阅读": "24652", "转载": "41", "评论": "18"},
{"链接": "http://blog.sina.com.cn/s/blog_475b3d56010000wv.html", "收藏": "11", "喜欢": "3", "阅读": "47813", "转载": "21", "评论": "21"},
{"链接": "http://blog.sina.com.cn/s/blog_475b3d56010000y3.html", "收藏": "7", "喜欢": "1", "阅读": "6888", "转载": "17", "评论": "11"},
{"链接": "http://blog.sina.com.cn/s/blog_475b3d56010000rq.html", "收藏": "28", "喜欢": "40", "阅读": "46708", "转载": "132", "评论": "24"},
{"链接": "http://blog.sina.com.cn/s/blog_475b3d56010000zd.html", "收藏": "34", "喜欢": "16", "阅读": "47835", "转载": "120", "评论": "114"},
{"链接": "http://blog.sina.com.cn/s/blog_475b3d56010000zy.html", "收藏": "15", "喜欢": "23", "阅读": "22628", "转载": "37", "评论": "39"},
{"链接": "http://blog.sina.com.cn/s/blog_475b3d560102wq5k.html", "收藏": "39", "喜欢": "12159", "阅读": "206", "转载": "170", "评论": "22"},
{"链接": "http://blog.sina.com.cn/s/blog_475b3d5601000134.html", "收藏": "10", "喜欢": "20374", "阅读": "26", "转载": "11", "评论": "5"},
{"链接": "http://blog.sina.com.cn/s/blog_475b3d560100018b.html", "收藏": "54", "喜欢": "25", "阅读": "49217", "转载": "204", "评论": "32"},
{"链接": "http://blog.sina.com.cn/s/blog_475b3d56010001ci.html", "收藏": "12", "喜欢": "25", "阅读": "64213", "转载": "36", "评论": "23"},
{"链接": "http://blog.sina.com.cn/s/blog_475b3d56010001du.html", "收藏": "41", "喜欢": "19", "阅读": "62227", "转载": "109", "评论": "100"},
{"链接": "http://blog.sina.com.cn/s/blog_475b3d56010001qi.html", "收藏": "6", "喜欢": "4012", "阅读": "22", "转载": "4", "评论": "0"},
{"链接": "http://blog.sina.com.cn/s/blog_475b3d56010001to.html", "收藏": "3", "喜欢": "4536", "阅读": "0", "转载": "40", "评论": "9"},
{"链接": "http://blog.sina.com.cn/s/blog_475b3d56010001y8.html", "收藏": "31", "喜欢": "22", "阅读": "30175", "转载": "76", "评论": "12"},
{"链接": "http://blog.sina.com.cn/s/blog_475b3d56010001zo.html", "收藏": "26", "喜欢": "14", "阅读": "54", "转载": "66", "评论": "40640"},
{"链接": "http://blog.sina.com.cn/s/blog_475b3d560100023o.html", "收藏": "18", "喜欢": "1", "阅读": "11698", "转载": "41", "评论": "13"},
{"链接": "http://blog.sina.com.cn/s/blog_475b3d56010000j8.html", "收藏": "17", "喜欢": "13", "阅读": "19689", "转载": "123", "评论": "8"},
{"链接": "http://blog.sina.com.cn/s/blog_475b3d560100023p.html", "收藏": "7", "喜欢": "19551", "阅读": "16", "转载": "85", "评论": "2"},
{"链接": "http://blog.sina.com.cn/s/blog_475b3d560100023q.html", "收藏": "26", "喜欢": "18751", "阅读": "98", "转载": "40", "评论": "3"},
{"链接": "http://blog.sina.com.cn/s/blog_475b3d56010000pq.html", "收藏": "6", "喜欢": "9", "阅读": "26", "转载": "18", "评论": "18189"},
{"链接": "http://blog.sina.com.cn/s/blog_475b3d560100023r.html", "收藏": "37", "喜欢": "58846", "阅读": "94", "转载": "107", "评论": "69"},
{"链接": "http://blog.sina.com.cn/s/blog_475b3d5601000274.html", "收藏": "3", "喜欢": "0", "阅读": "4249", "转载": "9", "评论": "38"},
{"链接": "http://blog.sina.com.cn/s/blog_475b3d56010002i2.html", "收藏": "11", "喜欢": "4", "阅读": "37967", "转载": "35", "评论": "66"},
{"链接": "http://blog.sina.com.cn/s/blog_475b3d560100062b.html", "收藏": "37", "喜欢": "16", "阅读": "212", "转载": "111", "评论": "71578"},
{"链接": "http://blog.sina.com.cn/s/blog_475b3d56010006c9.html", "收藏": "25", "喜欢": "19921", "阅读": "62", "转载": "8", "评论": "4"},
{"链接": "http://blog.sina.com.cn/s/blog_475b3d56010006ca.html", "收藏": "26", "喜欢": "59041", "阅读": "6", "转载": "14", "评论": "72"},
{"链接": "http://blog.sina.com.cn/s/blog_475b3d56010006mk.html", "收藏": "19", "喜欢": "3", "阅读": "27276", "转载": "56", "评论": "0"},
{"链接": "http://blog.sina.com.cn/s/blog_475b3d56010006nc.html", "收藏": "27", "喜欢": "49756", "阅读": "12", "转载": "81", "评论": "0"},
{"链接": "http://blog.sina.com.cn/s/blog_475b3d56010006qa.html", "收藏": "9", "喜欢": "2", "阅读": "5", "转载": "35", "评论": "12700"},
{"链接": "http://blog.sina.com.cn/s/blog_475b3d56010006sh.html", "收藏": "8", "喜欢": "5", "阅读": "17604", "转载": "37", "评论": "26"},
{"链接": "http://blog.sina.com.cn/s/blog_475b3d56010006tt.html", "收藏": "14", "喜欢": "1", "阅读": "39284", "转载": "48", "评论": "96"},
{"链接": "http://blog.sina.com.cn/s/blog_475b3d56010006y9.html", "收藏": "16", "喜欢": "0", "阅读": "22949", "转载": "2", "评论": "43"},
{"链接": "http://blog.sina.com.cn/s/blog_475b3d560100070n.html", "收藏": "17", "喜欢": "32865", "阅读": "55", "转载": "35", "评论": "10"},
{"链接": "http://blog.sina.com.cn/s/blog_475b3d5601000752.html", "收藏": "4", "喜欢": "1", "阅读": "15375", "转载": "20", "评论": "6"},
{"链接": "http://blog.sina.com.cn/s/blog_475b3d56010007eh.html", "收藏": "8", "喜欢": "5", "阅读": "0", "转载": "25", "评论": "24599"},
{"链接": "http://blog.sina.com.cn/s/blog_475b3d56010007av.html", "收藏": "20", "喜欢": "49877", "阅读": "20", "转载": "66", "评论": "2"},
{"链接": "http://blog.sina.com.cn/s/blog_475b3d56010007mj.html", "收藏": "49", "喜欢": "43", "阅读": "198745", "转载": "165", "评论": "18"},
{"链接": "http://blog.sina.com.cn/s/blog_475b3d56010007xy.html", "收藏": "17", "喜欢": "43710", "阅读": "68", "转载": "72", "评论": "5"},
{"链接": "http://blog.sina.com.cn/s/blog_475b3d56010008ak.html", "收藏": "13", "喜欢": "23", "阅读": "116728", "转载": "84", "评论": "6"},
{"链接": "http://blog.sina.com.cn/s/blog_475b3d56010008f0.html", "收藏": "33", "喜欢": "21", "阅读": "47259", "转载": "120", "评论": "1"},
{"链接": "http://blog.sina.com.cn/s/blog_475b3d56010008r0.html", "收藏": "15", "喜欢": "35457", "阅读": "6", "转载": "38", "评论": "0"},
{"链接": "http://blog.sina.com.cn/s/blog_475b3d56010008ti.html", "收藏": "17", "喜欢": "26", "阅读": "36", "转载": "60", "评论": "44087"},
{"链接": "http://blog.sina.com.cn/s/blog_475b3d56010008y7.html", "收藏": "63", "喜欢": "175404", "阅读": "257", "转载": "238", "评论": "378"},
{"链接": "http://blog.sina.com.cn/s/blog_475b3d560100091w.html", "收藏": "23", "喜欢": "26", "阅读": "38139", "转载": "67", "评论": "37"},
{"链接": "http://blog.sina.com.cn/s/blog_475b3d560100097z.html", "收藏": "38", "喜欢": "42", "阅读": "7", "转载": "125", "评论": "61957"},
{"链接": "http://blog.sina.com.cn/s/blog_475b3d56010009al.html", "收藏": "29", "喜欢": "15", "阅读": "61", "转载": "76", "评论": "38946"},
{"链接": "http://blog.sina.com.cn/s/blog_475b3d56010009ck.html", "收藏": "31", "喜欢": "25", "阅读": "88005", "转载": "120", "评论": "1"},
{"链接": "http://blog.sina.com.cn/s/blog_475b3d56010009j9.html", "收藏": "22", "喜欢": "9", "阅读": "1", "转载": "62", "评论": "17612"},
{"链接": "http://blog.sina.com.cn/s/blog_475b3d56010009q8.html", "收藏": "8", "喜欢": "11", "阅读": "19181", "转载": "35", "评论": "5"},
{"链接": "http://blog.sina.com.cn/s/blog_475b3d56010009zs.html", "收藏": "17", "喜欢": "8", "阅读": "529", "转载": "56", "评论": "99214"},
{"链接": "http://blog.sina.com.cn/s/blog_475b3d5601000a1y.html", "收藏": "36", "喜欢": "30", "阅读": "147", "转载": "48", "评论": "32705"},
{"链接": "http://blog.sina.com.cn/s/blog_475b3d5601000a3n.html", "收藏": "19", "喜欢": "18", "阅读": "60", "转载": "49", "评论": "36079"},
{"链接": "http://blog.sina.com.cn/s/blog_475b3d5601000a6p.html", "收藏": "15", "喜欢": "4", "阅读": "34", "转载": "33", "评论": "40596"},
{"链接": "http://blog.sina.com.cn/s/blog_475b3d56010009ga.html", "收藏": "70", "喜欢": "99522", "阅读": "97", "转载": "97", "评论": "262"},
{"链接": "http://blog.sina.com.cn/s/blog_475b3d5601000ajq.html", "收藏": "14", "喜欢": "9", "阅读": "69", "转载": "34", "评论": "61912"},
{"链接": "http://blog.sina.com.cn/s/blog_475b3d5601000aqe.html", "收藏": "48", "喜欢": "53881", "阅读": "28", "转载": "151", "评论": "437"},
{"链接": "http://blog.sina.com.cn/s/blog_475b3d56010009l6.html", "收藏": "9", "喜欢": "24331", "阅读": "30", "转载": "48", "评论": "6"},
{"链接": "http://blog.sina.com.cn/s/blog_475b3d5601000asv.html", "收藏": "13", "喜欢": "5", "阅读": "75689", "转载": "38", "评论": "59"},
{"链接": "http://blog.sina.com.cn/s/blog_475b3d5601000bhh.html", "收藏": "36", "喜欢": "43726", "阅读": "13", "转载": "135", "评论": "59"},
{"链接": "http://blog.sina.com.cn/s/blog_475b3d5601000aub.html", "收藏": "15", "喜欢": "77908", "阅读": "7", "转载": "40", "评论": "189"},
{"链接": "http://blog.sina.com.cn/s/blog_475b3d5601000biz.html", "收藏": "4", "喜欢": "3886", "阅读": "0", "转载": "11", "评论": "30"},
{"链接": "http://blog.sina.com.cn/s/blog_475b3d5601000bl5.html", "收藏": "44", "喜欢": "21", "阅读": "27551", "转载": "162", "评论": "286"},
{"链接": "http://blog.sina.com.cn/s/blog_475b3d5601000brr.html", "收藏": "4", "喜欢": "1", "阅读": "3858", "转载": "22", "评论": "19"},
{"链接": "http://blog.sina.com.cn/s/blog_475b3d5601000bv1.html", "收藏": "10", "喜欢": "12327", "阅读": "0", "转载": "29", "评论": "20"},
{"链接": "http://blog.sina.com.cn/s/blog_475b3d5601000bwf.html", "收藏": "63", "喜欢": "247298", "阅读": "87", "转载": "229", "评论": "454"},
{"链接": "http://blog.sina.com.cn/s/blog_475b3d5601000aay.html", "收藏": "41", "喜欢": "14", "阅读": "52187", "转载": "141", "评论": "81"},
{"链接": "http://blog.sina.com.cn/s/blog_475b3d5601000bxg.html", "收藏": "43", "喜欢": "64967", "阅读": "23", "转载": "113", "评论": "116"},
{"链接": "http://blog.sina.com.cn/s/blog_475b3d5601000bya.html", "收藏": "27", "喜欢": "144653", "阅读": "57", "转载": "132", "评论": "545"},
{"链接": "http://blog.sina.com.cn/s/blog_475b3d5601000c0s.html", "收藏": "133", "喜欢": "40", "阅读": "120441", "转载": "367", "评论": "410"},
{"链接": "http://blog.sina.com.cn/s/blog_475b3d5601000c4z.html", "收藏": "39", "喜欢": "25743", "阅读": "100", "转载": "25", "评论": "3"},
{"链接": "http://blog.sina.com.cn/s/blog_475b3d5601000c7p.html", "收藏": "36", "喜欢": "4", "阅读": "38081", "转载": "112", "评论": "34"},
{"链接": "http://blog.sina.com.cn/s/blog_475b3d5601000c8e.html", "收藏": "123", "喜欢": "94", "阅读": "421", "转载": "170", "评论": "96437"},
{"链接": "http://blog.sina.com.cn/s/blog_475b3d5601000c9z.html", "收藏": "9", "喜欢": "8", "阅读": "11542", "转载": "20", "评论": "38"},
{"链接": "http://blog.sina.com.cn/s/blog_475b3d5601000cbj.html", "收藏": "33", "喜欢": "29837", "阅读": "12", "转载": "82", "评论": "55"},
{"链接": "http://blog.sina.com.cn/s/blog_475b3d5601007o8m.html", "收藏": "82", "喜欢": "63030", "阅读": "97", "转载": "220", "评论": "99"},
{"链接": "http://blog.sina.com.cn/s/blog_475b3d5601007rzd.html", "收藏": "22", "喜欢": "22846", "阅读": "14", "转载": "66", "评论": "79"},
{"链接": "http://blog.sina.com.cn/s/blog_475b3d5601007w2e.html", "收藏": "53", "喜欢": "50", "阅读": "77243", "转载": "42", "评论": "105"},
{"链接": "http://blog.sina.com.cn/s/blog_475b3d5601007y87.html", "收藏": "39", "喜欢": "13", "阅读": "76505", "转载": "76", "评论": "76"},
{"链接": "http://blog.sina.com.cn/s/blog_475b3d5601008dmw.html", "收藏": "72", "喜欢": "16", "阅读": "110", "转载": "162", "评论": "57084"},
{"链接": "http://blog.sina.com.cn/s/blog_475b3d56010082q9.html", "收藏": "54", "喜欢": "11", "阅读": "56064", "转载": "103", "评论": "105"},
{"链接": "http://blog.sina.com.cn/s/blog_475b3d5601008kzd.html", "收藏": "33", "喜欢": "37999", "阅读": "5", "转载": "49", "评论": "110"},
{"链接": "http://blog.sina.com.cn/s/blog_475b3d5601008mip.html", "收藏": "368", "喜欢": "207219", "阅读": "717", "转载": "1637", "评论": "15721"},
{"链接": "http://blog.sina.com.cn/s/blog_475b3d5601008tr8.html", "收藏": "9", "喜欢": "10", "阅读": "32375", "转载": "38", "评论": "36"},
{"链接": "http://blog.sina.com.cn/s/blog_475b3d5601008xjv.html", "收藏": "44", "喜欢": "15", "阅读": "38078", "转载": "63", "评论": "105"},
{"链接": "http://blog.sina.com.cn/s/blog_475b3d56010096z8.html", "收藏": "387", "喜欢": "319000", "阅读": "1502", "转载": "284", "评论": "411"},
{"链接": "http://blog.sina.com.cn/s/blog_475b3d56010099ua.html", "收藏": "5", "喜欢": "1", "阅读": "7114", "转载": "19", "评论": "28"},
{"链接": "http://blog.sina.com.cn/s/blog_475b3d560102wtpp.html", "收藏": "6", "喜欢": "36", "阅读": "3410", "转载": "70", "评论": "9"},
{"链接": "http://blog.sina.com.cn/s/blog_475b3d5601009ara.html", "收藏": "13", "喜欢": "53863", "阅读": "159", "转载": "22", "评论": "1"},
{"链接": "http://blog.sina.com.cn/s/blog_475b3d5601009e7b.html", "收藏": "27", "喜欢": "4", "阅读": "46", "转载": "39", "评论": "20079"},
{"链接": "http://blog.sina.com.cn/s/blog_475b3d5601009jn1.html", "收藏": "44", "喜欢": "41290", "阅读": "19", "转载": "89", "评论": "81"},
{"链接": "http://blog.sina.com.cn/s/blog_475b3d5601009ltb.html", "收藏": "59", "喜欢": "31354", "阅读": "14", "转载": "31", "评论": "121"},
{"链接": "http://blog.sina.com.cn/s/blog_475b3d5601009on6.html", "收藏": "53", "喜欢": "36667", "阅读": "86", "转载": "54", "评论": "5"},
{"链接": "http://blog.sina.com.cn/s/blog_475b3d560100airc.html", "收藏": "168", "喜欢": "14", "阅读": "149172", "转载": "165", "评论": "147"},
{"链接": "http://blog.sina.com.cn/s/blog_475b3d5601009sgm.html", "收藏": "160", "喜欢": "32", "阅读": "54370", "转载": "66", "评论": "241"},
{"链接": "http://blog.sina.com.cn/s/blog_475b3d560100av1a.html", "收藏": "718", "喜欢": "221064", "阅读": "2324", "转载": "4244", "评论": "568"},
{"链接": "http://blog.sina.com.cn/s/blog_475b3d560100aw79.html", "收藏": "393", "喜欢": "165", "阅读": "365", "转载": "854", "评论": "103215"},
{"链接": "http://blog.sina.com.cn/s/blog_475b3d560100bg6a.html", "收藏": "295", "喜欢": "88255", "阅读": "43", "转载": "359", "评论": "283"},
{"链接": "http://blog.sina.com.cn/s/blog_475b3d560100b89p.html", "收藏": "176", "喜欢": "199337", "阅读": "40", "转载": "289", "评论": "298"},
{"链接": "http://blog.sina.com.cn/s/blog_475b3d560100bmqt.html", "收藏": "227", "喜欢": "111", "阅读": "149847", "转载": "427", "评论": "104"},
{"链接": "http://blog.sina.com.cn/s/blog_475b3d560100bpdl.html", "收藏": "70", "喜欢": "76915", "阅读": "128", "转载": "82", "评论": "14"},
{"链接": "http://blog.sina.com.cn/s/blog_475b3d560100bti6.html", "收藏": "42", "喜欢": "9", "阅读": "20947", "转载": "43", "评论": "119"},
{"链接": "http://blog.sina.com.cn/s/blog_475b3d560100cpbf.html", "收藏": "221", "喜欢": "69", "阅读": "154476", "转载": "599", "评论": "145"},
{"链接": "http://blog.sina.com.cn/s/blog_475b3d560100d7k5.html", "收藏": "49", "喜欢": "16", "阅读": "30538", "转载": "78", "评论": "176"},
{"链接": "http://blog.sina.com.cn/s/blog_475b3d560100dkly.html", "收藏": "130", "喜欢": "54", "阅读": "131527", "转载": "301", "评论": "180"},
{"链接": "http://blog.sina.com.cn/s/blog_475b3d560100cv0q.html", "收藏": "37", "喜欢": "17", "阅读": "56324", "转载": "135", "评论": "90"},
{"链接": "http://blog.sina.com.cn/s/blog_475b3d560100dnjy.html", "收藏": "196", "喜欢": "20", "阅读": "64426", "转载": "288", "评论": "138"},
{"链接": "http://blog.sina.com.cn/s/blog_475b3d560100dyt6.html", "收藏": "201", "喜欢": "78", "阅读": "134441", "转载": "134", "评论": "536"},
{"链接": "http://blog.sina.com.cn/s/blog_475b3d560100e9dl.html", "收藏": "172", "喜欢": "90", "阅读": "105105", "转载": "274", "评论": "421"},
{"链接": "http://blog.sina.com.cn/s/blog_475b3d560100ebt4.html", "收藏": "51", "喜欢": "10", "阅读": "40907", "转载": "111", "评论": "59"},
{"链接": "http://blog.sina.com.cn/s/blog_475b3d560100erg5.html", "收藏": "316", "喜欢": "138", "阅读": "528156", "转载": "144", "评论": "3380"},
{"链接": "http://blog.sina.com.cn/s/blog_475b3d560100esdv.html", "收藏": "38", "喜欢": "384978", "阅读": "30", "转载": "1233", "评论": "34"},
{"链接": "http://blog.sina.com.cn/s/blog_475b3d560100essd.html", "收藏": "123", "喜欢": "151", "阅读": "190300", "转载": "187", "评论": "972"},
{"链接": "http://blog.sina.com.cn/s/blog_475b3d560100f0o9.html", "收藏": "119", "喜欢": "150750", "阅读": "43", "转载": "71", "评论": "518"},
{"链接": "http://blog.sina.com.cn/s/blog_475b3d560100fc47.html", "收藏": "1313", "喜欢": "1382", "阅读": "661515", "转载": "3206", "评论": "2040"},
{"链接": "http://blog.sina.com.cn/s/blog_475b3d560100fcq2.html", "收藏": "31", "喜欢": "32948", "阅读": "10", "转载": "54", "评论": "273"},
{"链接": "http://blog.sina.com.cn/s/blog_475b3d560100fe5x.html", "收藏": "23", "喜欢": "67907", "阅读": "55", "转载": "445", "评论": "7"},
{"链接": "http://blog.sina.com.cn/s/blog_475b3d560100fes6.html", "收藏": "107", "喜欢": "89", "阅读": "121274", "转载": "111", "评论": "370"},
{"链接": "http://blog.sina.com.cn/s/blog_475b3d560100fgy0.html", "收藏": "88", "喜欢": "110154", "阅读": "313", "转载": "157", "评论": "295"},
{"链接": "http://blog.sina.com.cn/s/blog_475b3d560100fi8b.html", "收藏": "83", "喜欢": "54", "阅读": "206", "转载": "242", "评论": "69789"},
{"链接": "http://blog.sina.com.cn/s/blog_475b3d560100fjnp.html", "收藏": "95", "喜欢": "120", "阅读": "96475", "转载": "197", "评论": "240"},
{"链接": "http://blog.sina.com.cn/s/blog_475b3d560100fllc.html", "收藏": "323", "喜欢": "233709", "阅读": "105", "转载": "487", "评论": "357"},
{"链接": "http://blog.sina.com.cn/s/blog_475b3d560100fnll.html", "收藏": "109", "喜欢": "89746", "阅读": "32", "转载": "206", "评论": "176"},
{"链接": "http://blog.sina.com.cn/s/blog_475b3d560100fpg8.html", "收藏": "69", "喜欢": "39217", "阅读": "29", "转载": "161", "评论": "233"},
{"链接": "http://blog.sina.com.cn/s/blog_475b3d560100frs7.html", "收藏": "86", "喜欢": "61356", "阅读": "188", "转载": "126", "评论": "39"},
{"链接": "http://blog.sina.com.cn/s/blog_475b3d560100fsft.html", "收藏": "211", "喜欢": "82", "阅读": "100798", "转载": "362", "评论": "686"},
{"链接": "http://blog.sina.com.cn/s/blog_475b3d560100fuhq.html", "收藏": "135", "喜欢": "85461", "阅读": "109", "转载": "534", "评论": "193"},
{"链接": "http://blog.sina.com.cn/s/blog_475b3d560100fuwq.html", "收藏": "601", "喜欢": "420", "阅读": "414", "转载": "2510", "评论": "150005"},
{"链接": "http://blog.sina.com.cn/s/blog_475b3d560100fvzj.html", "收藏": "85", "喜欢": "46", "阅读": "55407", "转载": "231", "评论": "281"},
{"链接": "http://blog.sina.com.cn/s/blog_475b3d560100fxu1.html", "收藏": "127", "喜欢": "65", "阅读": "72757", "转载": "427", "评论": "288"},
{"链接": "http://blog.sina.com.cn/s/blog_475b3d560100g477.html", "收藏": "79", "喜欢": "50146", "阅读": "68", "转载": "265", "评论": "164"},
{"链接": "http://blog.sina.com.cn/s/blog_475b3d560100g5rz.html", "收藏": "193", "喜欢": "70", "阅读": "95892", "转载": "706", "评论": "198"},
{"链接": "http://blog.sina.com.cn/s/blog_475b3d560100g8ov.html", "收藏": "40", "喜欢": "16", "阅读": "41360", "转载": "159", "评论": "140"},
{"链接": "http://blog.sina.com.cn/s/blog_475b3d560100gajs.html", "收藏": "66", "喜欢": "33", "阅读": "45798", "转载": "218", "评论": "139"},
{"链接": "http://blog.sina.com.cn/s/blog_475b3d560100gkmp.html", "收藏": "85", "喜欢": "45580", "阅读": "42", "转载": "388", "评论": "199"},
{"链接": "http://blog.sina.com.cn/s/blog_475b3d560100gwga.html", "收藏": "138", "喜欢": "136", "阅读": "147453", "转载": "1103", "评论": "183"},
{"链接": "http://blog.sina.com.cn/s/blog_475b3d560100h7lm.html", "收藏": "67", "喜欢": "63215", "阅读": "141", "转载": "733", "评论": "169"},
{"链接": "http://blog.sina.com.cn/s/blog_475b3d560100hfk3.html", "收藏": "93", "喜欢": "764", "阅读": "363518", "转载": "888", "评论": "1440"},
{"链接": "http://blog.sina.com.cn/s/blog_475b3d560100ht15.html", "收藏": "356", "喜欢": "146037", "阅读": "434", "转载": "3045", "评论": "298"},
{"链接": "http://blog.sina.com.cn/s/blog_475b3d560100lgwt.html", "收藏": "599", "喜欢": "2313", "阅读": "7412", "转载": "724", "评论": "271728"},
{"链接": "http://blog.sina.com.cn/s/blog_475b3d5601017dm9.html", "收藏": "592", "喜欢": "125028", "阅读": "4420", "转载": "465", "评论": "1088"},
{"链接": "http://blog.sina.com.cn/s/blog_475b3d560102dt81.html", "收藏": "1900", "喜欢": "3779", "阅读": "3904", "转载": "13517", "评论": "418191"},
{"链接": "http://blog.sina.com.cn/s/blog_475b3d560102dvxh.html", "收藏": "47", "喜欢": "130762", "阅读": "321", "转载": "715", "评论": "251"},
{"链接": "http://blog.sina.com.cn/s/blog_475b3d560102e5t0.html", "收藏": "167", "喜欢": "187", "阅读": "31777", "转载": "647", "评论": "102"},
{"链接": "http://blog.sina.com.cn/s/blog_475b3d560102v4i0.html", "收藏": "173", "喜欢": "618", "阅读": "56751", "转载": "1305", "评论": "119"},
{"链接": "http://blog.sina.com.cn/s/blog_475b3d560102vfpe.html", "收藏": "111", "喜欢": "345", "阅读": "30297", "转载": "79", "评论": "439"},
{"链接": "http://blog.sina.com.cn/s/blog_475b3d560102vgv3.html", "收藏": "9", "喜欢": "37", "阅读": "4002", "转载": "9", "评论": "74"},
{"链接": "http://blog.sina.com.cn/s/blog_475b3d560102v4oo.html", "收藏": "62", "喜欢": "52", "阅读": "8010", "转载": "222", "评论": "33"},
{"链接": "http://blog.sina.com.cn/s/blog_475b3d560102vhae.html", "收藏": "35", "喜欢": "69", "阅读": "7075", "转载": "114", "评论": "21"},
{"链接": "http://blog.sina.com.cn/s/blog_475b3d560102v4uh.html", "收藏": "38", "喜欢": "28160", "阅读": "148", "转载": "311", "评论": "82"},
{"链接": "http://blog.sina.com.cn/s/blog_475b3d560102vjtc.html", "收藏": "3", "喜欢": "29", "阅读": "11", "转载": "96", "评论": "5443"},
{"链接": "http://blog.sina.com.cn/s/blog_475b3d560102vjte.html", "收藏": "79", "喜欢": "735", "阅读": "130347", "转载": "470", "评论": "66"},
{"链接": "http://blog.sina.com.cn/s/blog_475b3d560102vhyf.html", "收藏": "71", "喜欢": "492", "阅读": "29257", "转载": "70", "评论": "752"},
{"链接": "http://blog.sina.com.cn/s/blog_475b3d560102vkr9.html", "收藏": "20", "喜欢": "215504", "阅读": "73", "转载": "214", "评论": "302"},
{"链接": "http://blog.sina.com.cn/s/blog_475b3d560102vkkf.html", "收藏": "185", "喜欢": "472", "阅读": "55", "转载": "630", "评论": "219650"},
{"链接": "http://blog.sina.com.cn/s/blog_475b3d560102vlbl.html", "收藏": "11", "喜欢": "8685", "阅读": "112", "转载": "30", "评论": "74"},
{"链接": "http://blog.sina.com.cn/s/blog_475b3d560102vns9.html", "收藏": "143", "喜欢": "1325", "阅读": "87483", "转载": "576", "评论": "133"},
{"链接": "http://blog.sina.com.cn/s/blog_475b3d560102vo37.html", "收藏": "25", "喜欢": "149", "阅读": "17", "转载": "200", "评论": "14759"},
{"链接": "http://blog.sina.com.cn/s/blog_475b3d560102vo42.html", "收藏": "46", "喜欢": "240", "阅读": "85911", "转载": "345", "评论": "27"},
{"链接": "http://blog.sina.com.cn/s/blog_475b3d560102vuto.html", "收藏": "9", "喜欢": "69", "阅读": "9711", "转载": "46", "评论": "125"},
{"链接": "http://blog.sina.com.cn/s/blog_475b3d560102vpz3.html", "收藏": "20", "喜欢": "195", "阅读": "6350", "转载": "39", "评论": "196"},
{"链接": "http://blog.sina.com.cn/s/blog_475b3d560102w5lw.html", "收藏": "10", "喜欢": "41104", "阅读": "122", "转载": "17", "评论": "70"},
{"链接": "http://blog.sina.com.cn/s/blog_475b3d560102vo2k.html", "收藏": "17", "喜欢": "793", "阅读": "64133", "转载": "153", "评论": "48"},
{"链接": "http://blog.sina.com.cn/s/blog_475b3d560102w5rf.html", "收藏": "2", "喜欢": "1458", "阅读": "38", "转载": "6", "评论": "17"},
{"链接": "http://blog.sina.com.cn/s/blog_475b3d560102w8m9.html", "收藏": "43", "喜欢": "463", "阅读": "47838", "转载": "256", "评论": "66"},
{"链接": "http://blog.sina.com.cn/s/blog_475b3d560102w9k6.html", "收藏": "10", "喜欢": "2650", "阅读": "34", "转载": "55", "评论": "11"},
{"链接": "http://blog.sina.com.cn/s/blog_475b3d560102w9k8.html", "收藏": "24", "喜欢": "31757", "阅读": "262", "转载": "38", "评论": "566"},
{"链接": "http://blog.sina.com.cn/s/blog_475b3d560102wab2.html", "收藏": "8", "喜欢": "2770", "阅读": "35", "转载": "19", "评论": "75"},
{"链接": "http://blog.sina.com.cn/s/blog_475b3d560102wdi4.html", "收藏": "220", "喜欢": "158082", "阅读": "846", "转载": "159", "评论": "2178"},
{"链接": "http://blog.sina.com.cn/s/blog_475b3d560102wdtc.html", "收藏": "69", "喜欢": "1071", "阅读": "99400", "转载": "285", "评论": "105"},
{"链接": "http://blog.sina.com.cn/s/blog_475b3d560102w5rg.html", "收藏": "7", "喜欢": "38", "阅读": "1941", "转载": "81", "评论": "19"},
{"链接": "http://blog.sina.com.cn/s/blog_475b3d560102wg95.html", "收藏": "5", "喜欢": "91", "阅读": "3727", "转载": "18", "评论": "55"},
{"链接": "http://blog.sina.com.cn/s/blog_475b3d560102wh5w.html", "收藏": "40", "喜欢": "157", "阅读": "12", "转载": "347", "评论": "6962"},
{"链接": "http://blog.sina.com.cn/s/blog_475b3d560102wizo.html", "收藏": "14", "喜欢": "45", "阅读": "3551", "转载": "101", "评论": "13"},
{"链接": "http://blog.sina.com.cn/s/blog_475b3d560102wlvc.html", "收藏": "17", "喜欢": "5282", "阅读": "11", "转载": "203", "评论": "90"},
{"链接": "http://blog.sina.com.cn/s/blog_475b3d560102xeoj.html", "收藏": "10", "喜欢": "47878", "阅读": "99", "转载": "32", "评论": "175"},
{"链接": "http://blog.sina.com.cn/s/blog_475b3d560102xfbs.html", "收藏": "62", "喜欢": "77989", "阅读": "165", "转载": "103", "评论": "756"},
{"链接": "http://blog.sina.com.cn/s/blog_475b3d560102xhqz.html", "收藏": "167", "喜欢": "511", "阅读": "69801", "转载": "471", "评论": "58"},
{"链接": "http://blog.sina.com.cn/s/blog_475b3d560102xj54.html", "收藏": "65", "喜欢": "108", "阅读": "6159", "转载": "284", "评论": "10"},
{"链接": "http://blog.sina.com.cn/s/blog_475b3d560102xk9e.html", "收藏": "25", "喜欢": "131", "阅读": "33349", "转载": "35", "评论": "154"},
{"链接": "http://blog.sina.com.cn/s/blog_475b3d560102xklt.html", "收藏": "8", "喜欢": "44", "阅读": "11", "转载": "56", "评论": "2688"},
{"链接": "http://blog.sina.com.cn/s/blog_475b3d560102xmyk.html", "收藏": "2", "喜欢": "1983", "阅读": "20", "转载": "47", "评论": "4"},
{"链接": "http://blog.sina.com.cn/s/blog_475b3d560102xmz2.html", "收藏": "3", "喜欢": "3414", "阅读": "74", "转载": "26", "评论": "31"},
{"链接": "http://blog.sina.com.cn/s/blog_475b3d560102xzzw.html", "收藏": "202", "喜欢": "56789", "阅读": "348", "转载": "203", "评论": "864"},
{"链接": "http://blog.sina.com.cn/s/blog_475b3d560102y8ke.html", "收藏": "4", "喜欢": "38", "阅读": "6680", "转载": "23", "评论": "34"},
