{"标题": ["从1983到2017，我的幸运与遗憾"], "时间": ["2017-08-16 12:43:12"], "标签": ["杂谈"]},
{"标题": ["从1983到2017，我的幸运与遗憾"], "时间": ["2017-08-16 11:45:44"], "标签": ["杂谈"]},
{"标题": ["如何设计你的年度计划"], "时间": ["2015-01-01 08:46:09"], "标签": ["杂谈"]},
{"标题": ["李开复：美国小学教给我们的不只是英语，而是五件更重要的事情"], "时间": ["2017-01-16 20:52:42"], "标签": ["杂谈"]},
{"标题": ["郭台铭讲创业家需要具备的三种精神"], "时间": ["2016-09-28 21:16:12"], "标签": ["杂谈"]},
{"标题": ["李开复：AI技术处在黄金时代"], "时间": ["2016-09-30 20:51:51"], "标签": ["杂谈"]},
{"标题": ["2015年2月15日"], "时间": ["2015-02-15 21:28:01"], "标签": ["杂谈"]},
{"标题": ["大一新生的困惑：如何处理好学习和实践的矛盾？"], "时间": ["2009-02-20 11:31:44"], "分类": ["开复问答－学习篇"], "标签": ["学习", "实践", "大学社团", "教育"]},
{"标题": ["职场人生访谈预告：李开复谈如何顺利度过职场迷茫期"], "时间": [], "分类": ["其它文章"], "标签": ["新浪财经", "职场人生", "迷茫", "李开复", "张晓楠", "财经"]},
{"标题": ["清华学生VS李开复之：开复个人篇"], "时间": [], "分类": ["其它文章"], "标签": ["李开复", "演讲", "清华问答", "教育"]},
{"标题": ["李开复写给即将入学的大学新生：大学四年应该这样度过"], "时间": ["2016-09-01 21:23:27"], "标签": ["杂谈"]},
{"标题": ["保持个性与适应现实的矛盾"], "时间": [], "分类": ["开复问答－成长篇"], "标签": ["个性", "适应现实", "妥协", "独立", "教育"]},
{"标题": ["我的大学生活琐忆（四）"], "时间": ["2007-08-15 10:50:26"], "标签": ["教育杂谈", "大学生活", "回忆"]},
{"标题": ["喬布斯毕业演讲：人人该听三次"], "时间": ["2014-11-29 09:11:31"], "标签": ["杂谈"]},
{"标题": ["新生开学之际重温我的第四封信（自修之道）"], "时间": ["2007-08-23 14:07:12"], "标签": ["教育杂谈", "新生", "大学生活", "自修"]},
{"标题": ["我的大学生活琐忆（完）"], "时间": ["2007-08-20 11:26:41"], "标签": ["教育杂谈", "大学生活", "回忆", "友情"]},
{"标题": ["寻一剂良方：找不到合适的工作"], "时间": ["2009-03-25 10:32:53"], "分类": ["开复问答－工作篇"], "标签": ["找工作", "合适", "浮躁", "职业培训", "教育"]},
{"标题": ["新生开学之际重温我的第四封信（时间管理篇）"], "时间": ["2007-09-05 10:05:51"], "标签": ["教育杂谈", "新生", "大学生活", "时间管理", "积极主动"]},
{"标题": ["毕业后找工作应该用什么标准？"], "时间": ["2007-09-13 16:04:46"], "标签": ["教育杂谈", "新书", "求职", "好工作标准"]},
{"标题": ["新生开学之际重温我的第四封信（交际篇）"], "时间": ["2007-09-07 13:28:38"], "标签": ["教育杂谈", "大学生活", "新生", "交际"]},
{"标题": ["该考研还是找工作？"], "时间": ["2007-03-22 14:56:21"]},
{"标题": ["您相信宿命的存在吗"], "时间": ["2006-08-01 14:41:21"], "分类": ["开复问答－成长篇"]},
{"标题": ["我的新书预告：如何摆脱刚上大学的空虚感"], "时间": ["2007-09-18 16:37:32"], "标签": ["教育杂谈", "大学", "空虚"]},
{"标题": ["新生入学之际重温我的第四封信（兴趣篇）"], "时间": ["2007-08-31 09:40:18"], "标签": ["教育杂谈", "新生", "大学生活", "兴趣"]},
{"标题": ["我该不该离开学生会？"], "时间": ["2006-04-28 15:38:44"], "分类": ["开复问答－成长篇"]},
{"标题": ["李开复谢谢大家的发言"], "时间": ["2006-05-17 12:37:49"]},
{"标题": ["新生开学之际重温我的第四封信（基础知识）"], "时间": ["2007-08-27 09:58:38"], "标签": ["教育杂谈", "新生", "大学生活", "基础知识"]},
{"标题": ["中国青年成长离不开的互助平台"], "时间": ["2006-08-19 07:19:52"]},
{"标题": ["高考失利是否应该退学复读"], "时间": ["2006-09-11 14:01:06"], "分类": ["开复问答－学习篇"]},
{"标题": ["开复学生网诚募英才"], "时间": ["2006-08-11 11:00:10"], "分类": ["其它文章"]},
{"标题": ["给中国学生的第六封信——选择的智慧（4）"], "时间": ["2006-09-30 21:42:47"], "分类": ["写给中国学生的信"]},
{"标题": ["给中国学生的第六封信——选择的智慧（2）"], "时间": ["2006-09-30 21:23:51"], "分类": ["写给中国学生的信"]},
{"标题": ["做一个现实主义者"], "时间": ["2006-10-25 13:42:52"], "分类": ["开复问答－成长篇"]},
{"标题": ["给中国学生的第六封信——选择的智慧（5）"], "时间": ["2006-09-30 21:43:48"], "分类": ["写给中国学生的信"]},
{"标题": ["失恋了怎么办？"], "时间": ["2006-05-30 10:57:57"], "分类": ["开复问答－成长篇"]},
{"标题": ["给中国学生的第六封信——选择的智慧（3）"], "时间": ["2006-09-30 21:39:38"], "分类": ["写给中国学生的信"]},
{"标题": ["给中国学生的第三封信：成功、自信、快乐(下)"], "时间": ["2005-12-05 17:21:23"], "分类": ["写给中国学生的信"]},
{"标题": ["如何设计你的2015年度计划"], "时间": ["2015-01-01 08:53:22"], "标签": ["杂谈"]},
{"标题": ["给中国学生的第四封信：大学四年应是这样度过(上)"], "时间": ["2005-12-05 17:31:45"], "分类": ["写给中国学生的信"]},
{"标题": ["给中国学生的第四封信：大学四年应是这样度过(下)"], "时间": ["2005-12-05 17:31:02"], "分类": ["写给中国学生的信"]},
{"标题": ["感谢读者对“第三封信”的反馈"], "时间": ["2005-12-05 17:41:19"], "分类": ["其它文章"]},
{"标题": ["给中国学生的第二封信：从优秀到卓越"], "时间": ["2005-12-05 17:19:36"], "分类": ["写给中国学生的信"]},
{"标题": ["给中国学生的第三封信：成功、自信、快乐(上)"], "时间": ["2005-12-05 17:28:40"], "分类": ["写给中国学生的信"]},
{"标题": ["我该继续工作还是出国留学？"], "时间": ["2005-12-05 17:48:03"], "分类": ["开复问答－留学篇"]},
{"标题": ["嗨！亲爱的朋友们，欢迎您光临我的BLOG"], "时间": ["2005-11-30 12:23:33"]},
{"标题": ["我不要读书，要做黑客!"], "时间": ["2005-12-13 10:30:21"], "分类": ["开复问答－教育篇"]},
{"标题": ["给中国学生的一封信：从诚信谈起"], "时间": ["2005-12-05 17:17:01"], "分类": ["写给中国学生的信"]},
{"标题": ["是不是女生应该留在高校做老师，因为比较清闲？"], "时间": ["2005-12-05 18:03:44"], "分类": ["开复问答－工作篇"]},
{"标题": ["美国的教育体制是完美的吗？"], "时间": ["2005-12-05 18:02:16"], "分类": ["开复问答－教育篇"]},
{"标题": ["对学校失望，怎么办？"], "时间": ["2005-12-05 18:05:29"], "分类": ["开复问答－学习篇"]},
{"标题": ["入党是否对出国有影响？"], "时间": ["2005-12-05 17:59:47"], "分类": ["开复问答－留学篇"]},
{"标题": ["中国为什么与诺贝尔奖无缘？"], "时间": ["2005-12-05 18:01:30"], "分类": ["开复问答－教育篇"]},
{"标题": ["在垃圾学校怎么培养自己？"], "时间": ["2005-12-05 18:06:22"], "分类": ["开复问答－学习篇"]},
{"标题": ["怎么成为优秀的学生干部？"], "时间": ["2005-12-05 18:07:59"], "分类": ["开复问答－成长篇"]},
{"标题": ["我该做个圆滑的人，还是爱憎分明的人？"], "时间": ["2005-12-05 18:07:14"], "分类": ["开复问答－成长篇"]},
{"标题": ["给中国学生的第五封信：你有选择的权利(上)"], "时间": ["2005-12-05 18:08:39"], "分类": ["写给中国学生的信"]},
{"标题": ["外企为什么只雇名校毕业生？"], "时间": ["2005-12-05 18:04:40"], "分类": ["开复问答－工作篇"]},
{"标题": ["给中国学生的第五封信：你有选择的权利(下)"], "时间": ["2005-12-05 18:08:32"], "分类": ["写给中国学生的信"]},
{"标题": ["心理学怎么就业？"], "时间": ["2005-12-07 17:08:35"], "分类": ["开复问答－工作篇"]},
{"标题": ["时间好像很多，但是一下就都浪费掉了，怎么办？"], "时间": ["2005-12-08 17:10:42"], "分类": ["开复问答－学习篇"]},
{"标题": ["科技、人才和教育--旅美三十载经验谈(下)"], "时间": ["2005-12-05 17:43:00"], "分类": ["其它文章"]},
{"标题": ["我的人生计划，请批评？"], "时间": ["2005-12-09 17:11:32"], "分类": ["开复问答－成长篇"]},
{"标题": ["学生阶段是否应该参加社团工作？"], "时间": ["2005-12-10 14:13:44"], "分类": ["开复问答－成长篇"]},
{"标题": ["我想知道自己是否适合研究？"], "时间": ["2005-12-11 14:16:45"], "分类": ["开复问答－学习篇"]},
{"标题": ["留学一定要去美国吗？"], "时间": ["2005-12-06 13:02:48"], "分类": ["开复问答－留学篇"]},
{"标题": ["怎样培养自己的工作和学习激情？"], "时间": ["2005-12-21 10:42:32"]},
{"标题": ["学计算机不用出国吗"], "时间": ["2005-12-16 11:37:12"], "分类": ["开复问答－留学篇"]},
{"标题": ["兴趣不在专业怎么办？"], "时间": ["2005-12-15 14:15:05"], "分类": ["开复问答－学习篇"]},
{"标题": ["没有学习的动力，我该怎么办？"], "时间": ["2005-12-20 10:02:31"], "分类": ["开复问答－学习篇"]},
{"标题": ["家长管制我太多，我该怎么办？"], "时间": ["2005-12-29 10:09:31"]},
{"标题": ["印度和中国的差距在哪里"], "时间": ["2005-12-27 15:11:57"]},
{"标题": ["公司看不到我的努力怎么办?"], "时间": ["2005-12-22 13:35:56"], "分类": ["开复问答－工作篇"]},
{"标题": ["在国内读计算机研究生，需要注意什么"], "时间": ["2006-01-04 10:24:06"]},
{"标题": ["怎么学习思考的能力"], "时间": ["2006-01-09 10:32:46"], "分类": ["开复问答－成长篇"]},
{"标题": ["毕业一年还找不到工作，怎么办"], "时间": ["2006-01-13 17:36:01"], "分类": ["开复问答－工作篇"]},
{"标题": ["企业如何为新员工提供最合理的专业培训？"], "时间": ["2006-02-08 17:22:16"]},
{"标题": ["考研还是出国"], "时间": ["2005-12-31 11:20:24"]},
{"标题": ["想成为企业家需要具备哪些知识和素质"], "时间": ["2006-02-20 12:59:08"], "分类": ["开复问答－工作篇"]},
{"标题": ["美国的教育"], "时间": ["2005-12-30 14:35:01"], "分类": ["开复问答－留学篇"]},
{"标题": ["大家如有疑问，可以去“开复学生网”相关版区提问"], "时间": ["2006-02-13 10:48:31"]},
{"标题": ["遇到事情不要总往坏处想"], "时间": ["2006-02-23 13:33:12"], "分类": ["开复问答－成长篇"]},
{"标题": ["不读大学能不能创业？"], "时间": ["2005-12-12 10:27:26"], "分类": ["开复问答－工作篇"]},
{"标题": ["如何培养人际交往方面的能力"], "时间": ["2006-03-05 19:33:20"]},
{"标题": ["大学的目的到底是什么"], "时间": ["2006-03-09 10:56:40"]},
{"标题": ["为什么您对中国学生情有独钟"], "时间": ["2006-03-02 16:37:27"]},
{"标题": ["征集“开复学生网”网页设计"], "时间": ["2006-03-20 12:36:31"]},
{"标题": ["道德品质欠缺的人可以被重用吗"], "时间": ["2006-04-10 10:36:51"], "分类": ["开复问答－成长篇"]},
{"标题": ["给中国高校的一封信（下）"], "时间": ["2006-11-14 13:06:50"]},
{"标题": ["给中国高校的一封信（上）"], "时间": ["2006-11-14 14:59:21"]},
{"标题": ["您如何有那么充沛的精力投入工作"], "时间": ["2006-02-27 15:42:20"]},
{"标题": ["一直的痛，英语"], "时间": ["2006-12-05 10:53:01"], "分类": ["开复问答－学习篇"]},
{"标题": ["我应该怎样选择我的路？"], "时间": ["2006-12-04 16:11:42"], "分类": ["开复问答－学习篇"]},
{"标题": ["一顶博士帽能带来什么"], "时间": ["2006-12-15 15:14:10"], "分类": ["其它文章"]},
{"标题": ["什么人适合出国？出国要有什么心理准备？"], "时间": ["2006-01-16 10:55:42"], "分类": ["开复问答－留学篇"]},
{"标题": ["爸爸的强力管制让我很为难怎么办"], "时间": ["2007-01-08 16:11:14"], "分类": ["开复问答－成长篇"]},
{"标题": ["我很努力，可是现在处境还是不好，我该怎么办？"], "时间": ["2006-12-29 13:52:20"], "分类": ["开复问答－成长篇"]},
{"标题": ["如何对待下属的建议"], "时间": ["2006-12-12 10:26:15"], "分类": ["开复问答－工作篇"]},
{"标题": ["连吃饭都成问题，何谈理想"], "时间": ["2007-01-18 16:19:27"], "分类": ["开复问答－工作篇"]},
{"标题": ["生活在临界态"], "时间": ["2006-12-18 10:57:26"], "分类": ["开复问答－工作篇"]},
{"标题": ["关于考研的一点看法"], "时间": ["2007-02-12 13:53:44"], "分类": ["开复问答－学习篇"]},
{"标题": ["一个理想主义者的困惑：文凭还是知识？"], "时间": ["2006-12-25 11:05:17"], "分类": ["开复问答－学习篇"]},
{"标题": ["在企业实习要注意什么"], "时间": ["2007-03-12 10:58:48"], "分类": ["开复问答－工作篇"]},
{"标题": ["不喜欢自己的专业怎么办？"], "时间": ["2007-04-10 13:54:47"], "分类": ["开复问答－学习篇"], "标签": ["换专业", "经济", "挫败", "出国"]},
{"标题": ["大专生的出路在哪里"], "时间": ["2007-04-20 16:08:08"], "分类": ["开复问答－工作篇"], "标签": ["大专生", "专升本", "文凭"]},
{"标题": ["是选择外企还是国企？"], "时间": ["2007-01-25 15:34:46"], "分类": ["开复问答－工作篇"]},
{"标题": ["工作还是创业？"], "时间": ["2007-04-27 14:38:14"], "分类": ["开复问答－工作篇"], "标签": ["换工作", "创业", "职场新人"]},
{"标题": ["如何学习才不会落后"], "时间": ["2007-03-26 10:08:58"], "分类": ["开复问答－学习篇"]},
{"标题": ["当几个机遇同时摆在面前，该如何选择"], "时间": ["2007-03-01 14:10:02"], "分类": ["开复问答－工作篇"]},
{"标题": ["在国企如何应对人际关系？"], "时间": ["2007-05-14 15:44:57"], "分类": ["开复问答－工作篇"], "标签": ["国企", "人际关系"]},
{"标题": ["怎样看待网络对文化的影响？"], "时间": ["2007-05-28 13:48:19"], "分类": ["开复问答－学习篇"], "标签": ["网络", "文化", "学习"]},
{"标题": ["大三女生的困惑：工作？考研？还是出国？"], "时间": ["2007-05-17 15:44:16"], "分类": ["开复问答－学习篇"], "标签": ["毕业", "电子商务", "考研", "出国", "兴趣"]},
{"标题": ["如何提高社交能力"], "时间": ["2007-05-23 14:39:25"], "分类": ["开复问答－成长篇"], "标签": ["人际交往", "内向", "社交"]},
{"标题": ["与星云大师对谈:面对疾病，正能量是最有效的药"], "时间": ["2016-08-24 21:02:17"], "标签": ["杂谈"]},
{"标题": ["如何填报选择高考志愿"], "时间": ["2007-05-31 15:16:36"], "标签": ["高考", "报志愿", "数学"]},
{"标题": ["始于高考的错误，以后的路该怎么走？"], "时间": ["2007-06-06 10:51:25"], "分类": ["开复问答－学习篇"], "标签": ["高考", "退学", "年少轻狂"]},
{"标题": ["高考被不喜欢的专业录取该怎么办？"], "时间": ["2007-06-29 15:10:05"], "分类": ["开复问答－学习篇"], "标签": ["高考", "专业"]},
{"标题": ["外企工作一年，今后职业方向如何选择"], "时间": ["2007-07-03 16:46:17"], "分类": ["开复问答－工作篇"], "标签": ["外企", "跳槽", "职场"]},
{"标题": ["如何提问以及安排学习时间？"], "时间": ["2007-07-11 14:45:03"], "分类": ["开复问答－学习篇"], "标签": ["提问", "学习时间", "留学"]},
{"标题": ["只要你愿意路有很多条"], "时间": ["2007-07-31 09:59:08"], "分类": ["其它文章"], "标签": ["高考", "落榜", "成功"]},
{"标题": ["我的大学生活琐忆（一）"], "时间": ["2007-07-23 21:57:13"], "标签": ["大学生活", "回忆"]},
{"标题": ["被上司忽视，也可能是反感，该怎么办?"], "时间": ["2007-04-06 09:48:18"], "分类": ["开复问答－工作篇"], "标签": ["上下级", "人际关系", "职场新人"]},
{"标题": ["我的大学生活琐忆（二）"], "时间": ["2007-08-06 10:17:32"], "标签": ["教育杂谈", "大学生活", "回忆"]},
{"标题": ["感谢网友们对我博客的关注和支持！"], "时间": ["2007-09-24 14:32:47"], "标签": ["教育杂谈", "感谢", "我学网", "教育"]},
{"标题": ["不想在大学里沉沦怎么办？"], "时间": ["2007-05-10 13:57:49"], "分类": ["开复问答－学习篇"], "标签": ["大学", "奋斗", "贫困家庭", "感情"]},
{"标题": ["期待在我学网三周年庆与大家对话交流"], "时间": ["2007-10-09 16:30:32"], "标签": ["教育杂谈", "活动", "对话", "我学网"]},
{"标题": ["同是大学四年毕业，差别为何如此巨大？"], "时间": ["2007-09-21 17:13:17"], "标签": ["教育杂谈", "职业规划", "大学毕业"]},
{"标题": ["我的大学生活琐忆（三）"], "时间": ["2007-08-09 11:19:57"], "标签": ["教育杂谈", "大学生活", "回忆"]},
{"标题": ["关于“二流学校的我该怎么办？”的后续讨论"], "时间": ["2007-10-21 22:35:03"], "标签": ["职场", "励志", "名校", "外企"]},
{"标题": ["暑假实习应该注意学习什么"], "时间": ["2007-06-26 16:10:19"], "分类": ["开复问答－工作篇"], "标签": ["暑假实习", "大学生兼职"]},
{"标题": ["高考落榜后我的路在哪里"], "时间": ["2007-06-21 11:07:45"], "分类": ["开复问答－学习篇"], "标签": ["高考", "落榜"]},
{"标题": ["年轻的理发师"], "时间": ["2007-10-24 13:00:47"], "标签": ["教育杂谈", "理发", "份内事", "基础", "理想"]},
{"标题": ["美国大学启示录(1)"], "时间": ["2007-09-28 12:03:49"], "标签": ["教育杂谈", "大学教育", "美国"]},
{"标题": ["美国大学启示录(3)"], "时间": ["2007-11-14 10:42:39"], "标签": ["教育杂谈", "教育", "美国大学", "私立大学"]},
{"标题": ["引领你的一生"], "时间": ["2007-10-30 17:13:56"], "标签": ["教育杂谈", "兰迪教授", "人生梦想", "生命意义"]},
{"标题": ["我学网三周年活动开复小平与学生的教育对话"], "时间": ["2007-10-16 13:44:42"], "标签": ["教育杂谈", "我学网三周年", "更名"]},
{"标题": ["普通大学的研究生如何超越自己获得成功？"], "时间": ["2007-12-04 12:33:22"], "标签": ["教育杂谈", "研究生", "普通学校", "成功"]},
{"标题": ["如何利用大学里充足的时间？"], "时间": ["2007-11-23 14:26:08"], "分类": ["开复问答－学习篇"], "标签": ["教育杂谈", "大学", "时间管理"]},
{"标题": ["网络编辑：请手下留情，别乱改标题！"], "时间": ["2007-11-29 10:05:02"], "标签": ["标题", "新闻报道"]},
{"标题": ["如何寻找自己的理想？"], "时间": ["2007-12-10 14:01:43"], "分类": ["开复问答－成长篇"], "标签": ["教育杂谈", "理想", "人生意义"]},
{"标题": ["美国大学启示录（4）"], "时间": ["2007-11-21 10:01:24"], "标签": ["教育杂谈", "美国大学", "教育体制", "弊端"]},
{"标题": ["第一份工作做得很长久还是多换几份工作好？"], "时间": ["2008-01-03 15:08:08"], "标签": ["职场", "第一份工作", "跳槽", "兴趣", "杂谈"]},
{"标题": ["二流学校的我该怎么办？"], "时间": ["2007-10-19 13:44:14"], "分类": ["其它文章"], "标签": ["二流学校", "能力", "经验", "人脉"]},
{"标题": ["如果梦想本就虚假"], "时间": ["2008-03-13 16:43:49"], "标签": ["梦想", "教师", "现实", "教育"]},
{"标题": ["沉迷网游的我如何找回曾经的自己"], "时间": ["2007-12-17 11:09:48"], "标签": ["教育杂谈", "网游", "习惯"]},
{"标题": ["关于“写给我亲爱的女孩们”一文的声明"], "时间": ["2008-04-07 10:02:05"], "标签": ["声明", "杂谈"]},
{"标题": ["如何度过新工作的磨合期"], "时间": ["2008-04-17 16:17:01"], "分类": ["开复问答－工作篇"], "标签": ["职场", "磨合期", "新工作", "教育"]},
{"标题": ["儿子是母亲最甜蜜的牵挂"], "时间": ["2008-03-18 13:34:07"], "标签": ["杂谈", "母亲", "亲情"]},
{"标题": ["博客管理不当的道歉，和对赈灾问题的回答"], "时间": ["2008-05-18 19:22:58"], "标签": ["杂谈"]},
{"标题": ["自信的力量来自哪里"], "时间": ["2008-02-20 11:35:13"], "标签": ["自信", "交际", "教育"]},
{"标题": ["关注国难：谷歌和我做了什么？"], "时间": ["2008-05-20 16:14:22"], "标签": ["it"]},
{"标题": ["从1983到2017，我的幸运与遗憾"], "时间": ["2017-08-16 13:01:19"], "标签": ["杂谈"]},
{"标题": ["清华学生VS李开复之：挑战老师合适吗"], "时间": ["2008-06-11 14:25:24"], "分类": ["开复问答－成长篇"], "标签": ["挑战", "辩论", "老师", "杂谈"]},
{"标题": ["李开复在《旧金山纪事报》刊登的文章"], "时间": ["2008-05-28 21:38:25"], "标签": ["李开复", "美国", "汶川", "地震"]},
{"标题": ["对话李开复：怎样做最好的自己"], "时间": [], "分类": ["其它文章"], "标签": ["访谈", "做最好的自己", "青年心理", "教育"]},
{"标题": ["做技术还是管理？"], "时间": ["2007-12-28 15:34:50"], "标签": ["技术", "管理", "基础", "杂谈"]},
{"标题": ["清华学生VS李开复之：大学生对未来是否该有明确目标"], "时间": ["2008-06-16 16:21:03"], "分类": ["开复问答－成长篇"], "标签": ["清华问答", "目标", "兴趣", "杂谈"]},
{"标题": ["怎样填补内心的空洞？"], "时间": ["2008-11-13 14:20:29"], "分类": ["开复问答－学习篇"], "标签": ["教育", "迷茫", "空虚", "时间管理", "自考", "专心"]},
{"标题": ["给中国学生的第七封信：21世纪最需要的7种人才"], "时间": ["2008-05-12 12:57:16"], "分类": ["写给中国学生的信"], "标签": ["给中国学生的信", "人才", "教育"]},
{"标题": ["给家长的一封信"], "时间": [], "分类": ["写给中国学生的信"], "标签": ["家长", "孩子", "家庭教育", "杂谈"]},
{"标题": ["李开复现身说法成功的十个启发"], "时间": [], "分类": ["其它文章"], "标签": ["演讲", "成功", "箴言", "多元化", "教育"]},
{"标题": ["创意管教"], "时间": [], "分类": ["其它文章"], "标签": ["教育", "孩子", "自律", "积极"]},
{"标题": ["在感动与创新中走进2009──开复新年寄语"], "时间": [], "分类": ["其它文章"], "标签": ["新年寄语", "感动", "创新", "杂谈"]},
{"标题": ["怎样培养严谨的思维？"], "时间": ["2009-04-09 10:30:38"], "标签": ["思考能力", "严谨思维", "数学", "教育"]},
{"标题": ["30幅画读懂灾区孩子的内心"], "时间": ["2009-05-12 12:58:23"], "分类": ["其它文章"], "标签": ["5&bull", "12", "汶川地震一周年", "灾区孩子", "画", "谷歌", "姚基金", "姚明", "教育"]},
{"标题": ["缺乏主见，不善于思考该怎么办？"], "时间": [], "分类": ["开复问答－成长篇"], "标签": ["主见", "自信", "思考能力"]},
{"标题": ["21世纪的领导力"], "时间": ["2008-10-10 14:01:00"], "分类": ["其它文章"], "标签": ["领导力", "管理艺术", "团队", "企业", "杂谈"]},
{"标题": ["爸妈离婚了，我如何面对新家庭？"], "时间": [], "分类": ["开复问答－成长篇"], "标签": ["单亲家庭", "成长", "亲情", "教育"]},
{"标题": ["人情关系复杂让我觉得心寒"], "时间": ["2009-06-10 09:57:45"], "分类": ["开复问答－工作篇"], "标签": ["人际关系", "教训", "信任", "教育"]},
{"标题": ["与周围的人想法不同，觉得孤独压抑怎么办"], "时间": ["2009-07-30 14:00:05"], "分类": ["开复问答－成长篇"], "标签": ["人际交流", "沟通", "农村", "大专", "教育"]},
{"标题": ["找工作时感到羞涩怎么办"], "时间": ["2008-01-16 13:57:37"], "标签": ["求职", "羞涩", "人际交往", "内向", "杂谈"]},
{"标题": ["再见，谷歌"], "时间": ["2009-09-04 11:06:20"], "标签": ["杂谈"]},
{"标题": ["不明了自己的兴趣，未来的路该怎么走？"], "时间": ["2009-07-09 15:03:55"], "分类": ["开复问答－学习篇"], "标签": ["兴趣", "选择", "迷茫", "专业", "职业", "跨领域", "教育"]},
{"标题": ["大学生职业规划与公益创业论坛我学网8月14日欢迎你"], "时间": ["2009-08-04 14:13:14"], "分类": ["其它文章"], "标签": ["公益创业", "大学生创业", "职业规划", "我学网", "教育"]},
{"标题": ["对媒体几个误解的澄清"], "时间": ["2009-09-06 10:29:23"], "标签": ["杂谈"]},
{"标题": ["2009年10月我的校园演讲行程(新增城市)"], "时间": ["2009-10-13 10:22:12"], "分类": ["其它文章"], "标签": ["校园演讲", "教育"]},
{"标题": ["最后一个星期五–MyGood-ByePartyatGoogle"], "时间": ["2009-09-22 10:39:34"], "分类": ["其它文章"], "标签": ["杂谈"]},
{"标题": ["做最好的创新"], "时间": ["2009-06-16 13:48:49"], "分类": ["其它文章"], "标签": ["创新", "有用的创新", "创新思维", "最好的创新", "教育", "我们"]},
{"标题": ["我的出生"], "时间": ["2009-10-14 14:32:15"], "分类": ["世界因你不同"], "标签": ["世界因你不同", "李开复自传", "出生", "教育"]},
{"标题": ["回忆我的父亲"], "时间": ["2009-10-26 15:36:58"], "分类": ["世界因你不同"], "标签": ["父亲", "爱国", "自传", "世界因你不同", "教育"]},
{"标题": ["给创新工场求职者的一封信"], "时间": ["2009-11-11 20:36:27"], "分类": ["其它文章"], "标签": ["创新工场", "创业", "青年", "教育"]},
{"标题": ["给父母的四个建议"], "时间": ["2009-11-17 16:03:40"], "分类": ["其它文章"], "标签": ["管教孩子", "成长", "家长", "父母", "教育"]},
{"标题": ["我的新公司：创新工场"], "时间": ["2009-09-07 10:17:21"], "标签": ["杂谈"]},
{"标题": ["在圣玛丽学校感受到的东西方教育差异－新书选载"], "时间": ["2009-11-03 10:55:48"], "分类": ["世界因你不同"], "标签": ["中西教育", "自传", "世界因你不同", "教育"]},
{"标题": ["“苹果”的海盗文化－新书选载"], "时间": ["2009-12-07 15:34:16"], "分类": ["世界因你不同"], "标签": ["苹果", "自传", "世界因你不同", "教育"]},
{"标题": ["《世界因你不同》北京地区首发签字明日（10.11）举行"], "时间": ["2009-10-10 10:11:33"], "分类": ["其它文章"], "标签": ["新书签字", "世界因你不同", "教育"]},
{"标题": ["清华学生VS李开复之：如何找到自己的兴趣"], "时间": ["2008-06-18 15:22:05"], "分类": ["开复问答－成长篇"], "标签": ["清华问答", "兴趣", "给中国学生的信", "教育"]},
{"标题": ["先参与创业，再主导创业：给想创业的毕业生的一封信"], "时间": ["2010-09-21 09:51:18"], "分类": ["写给中国学生的信"], "标签": ["教育", "创业", "大学生", "创新工场", "就业"]},
{"标题": ["本科留学生的职业规划和交友困惑"], "时间": ["2010-04-12 14:24:06"], "分类": ["开复问答－学习篇"], "标签": ["教育", "留学", "职业规划", "时间管理", "交友", "自信"]},
{"标题": ["给未来的你—李开复在2011级大学新生学习规划讲座上的演讲"], "时间": ["2011-09-18 16:00:20"], "分类": ["开复问答－学习篇"], "标签": ["教育", "大学生", "创新工场", "学习", "杂谈"]},
{"标题": ["工作原地踏步怎么办"], "时间": [], "分类": ["开复问答－工作篇"], "标签": ["跳槽", "职业策划", "厌倦工作", "教育"]},
{"标题": ["美国頂尖设计公司Ideo脑力激盪时的七个小秘密"], "时间": ["2014-11-11 21:30:59"], "标签": ["杂谈"]},
{"标题": ["我當年如何做好外企管理"], "时间": ["2015-03-08 21:38:50"], "标签": ["杂谈"]},
{"标题": ["FacebookCOO哈佛商学院演讲"], "时间": ["2014-11-09 20:59:58"], "标签": ["杂谈"]},
{"标题": ["如何从小培养创新力"], "时间": ["2014-11-05 21:37:23"], "标签": ["杂谈"]},
{"标题": ["生病後的几个领悟"], "时间": ["2015-02-15 21:30:41"], "标签": ["杂谈"]},
{"标题": ["【请放手吧！给父母的五个建议】"], "时间": ["2015-03-18 11:26:59"], "标签": ["杂谈"]},
{"标题": ["GoogleCFO的辞职信"], "时间": ["2015-03-12 15:31:09"], "标签": ["杂谈"]},
{"标题": ["李开复：安稳的工作很快会灭亡"], "时间": ["2015-04-13 21:41:10"], "标签": ["杂谈"]},
{"标题": ["安稳的工作很快会灭亡"], "时间": ["2015-04-13 21:37:12"], "标签": ["杂谈"]},
{"标题": ["【几个搞笑的真实故事】"], "时间": ["2015-04-25 15:37:30"], "标签": ["杂谈"]},
{"标题": ["写简历千万不能犯的八个错误"], "时间": ["2015-04-22 12:19:18"], "标签": ["杂谈"]},
{"标题": ["如何正视癌症？"], "时间": ["2015-07-04 07:18:19"], "标签": ["杂谈"]},
{"标题": ["年轻人打拼，就必须放弃健康吗？"], "时间": ["2015-07-05 06:56:57"], "标签": ["杂谈"]},
{"标题": ["创新工场为什么投资马东的米未"], "时间": ["2015-09-17 06:40:59"], "标签": ["杂谈"]},
{"标题": ["为事业打拼，还是多孝顺父母呢？"], "时间": ["2015-07-04 19:05:51"], "标签": ["杂谈"]},
{"标题": ["FacebookCOO悼念英年早逝的丈夫"], "时间": ["2015-05-07 17:57:18"], "标签": ["杂谈"]},
{"标题": ["与乔布斯前老板斯卡利对话：应该支持并宽容创始人"], "时间": ["2016-01-18 09:44:08"], "标签": ["杂谈"]},
{"标题": ["【你最后五分钟，会对孩子说什么呢？】"], "时间": ["2016-01-16 07:51:28"], "标签": ["杂谈"]},
{"标题": ["与乔布斯前老板斯卡利对话：应该支持并宽容创始人"], "时间": ["2016-01-18 09:43:58"], "标签": ["杂谈"]},
{"标题": ["人工智能对人类真正的威胁是什么？"], "时间": ["2016-03-10 11:17:05"], "标签": ["杂谈"]},
{"标题": ["人工智能如具备这三个条件将提供巨大商业价值"], "时间": ["2016-03-27 19:02:04"], "标签": ["杂谈"]},
{"标题": ["年轻人该比谁更拼命吗？我的“健康睡眠”心得"], "时间": ["2016-03-20 20:17:00"], "标签": ["杂谈"]},
{"标题": ["不要”谈死变色“：让死亡成为我们的老师"], "时间": ["2015-07-20 14:53:46"], "标签": ["杂谈"]},
{"标题": ["年轻人该比谁更拼命吗？我的“健康睡眠”心得"], "时间": ["2016-03-20 20:02:57"], "标签": ["杂谈"]},
{"标题": ["守护一个快乐摄影师"], "时间": ["2016-05-23 21:08:56"], "标签": ["杂谈"]},
{"标题": ["子女是母亲最甜蜜的牵挂"], "时间": ["2016-05-09 16:07:47"], "标签": ["杂谈"]},
{"标题": ["我的七個死亡學分"], "时间": ["2015-06-28 22:28:23"], "标签": ["杂谈"]},
{"标题": ["患上癌症后如何抗癌？我的抗癌心得"], "时间": ["2016-05-04 10:46:01"], "标签": ["杂谈"]},
{"标题": ["生命是最严厉的导师"], "时间": ["2016-07-18 21:06:16"], "标签": ["杂谈"]},
{"标题": ["为什么今天是人工智能的黄金时代？"], "时间": ["2016-06-15 20:37:48"], "标签": ["杂谈"]},
{"标题": ["李开复：我的爱情故事"], "时间": ["2017-08-28 20:30:06"], "标签": ["杂谈"]},
{"标题": ["我的爱情故事"], "时间": ["2016-08-09 09:32:31"], "标签": ["杂谈"]},
{"标题": ["李开复:警惕人工智能革命演变成科技“军备竞赛”|金融时报专栏"], "时间": ["2017-12-06 10:28:51"], "标签": ["杂谈"]},
{"标题": ["李开复达沃斯见闻（Ⅴ）：欧美应向中国市场学习这四点"], "时间": ["2018-01-26 15:53:08"], "标签": ["杂谈"]},
{"标题": ["李开复：我的时间管理秘诀"], "时间": ["2017-10-24 10:10:41"], "标签": ["杂谈"]},
{"标题": ["李开复：我的时间管理秘诀"], "时间": ["2017-11-17 18:33:16"], "标签": ["杂谈"]},
{"标题": ["李开复：OMO的最终状态是商场、工厂、驾驶、物流都无人化"], "时间": ["2017-12-13 10:50:42"], "标签": ["杂谈"]},
{"标题": ["李开复达沃斯见闻4：美国公司在华水土不服的四个原因"], "时间": ["2018-09-08 06:33:06"], "标签": ["杂谈"]},
{"标题": ["李开复对话2015诺奖得主Deaton：用交易来治理隐私数据问题？"], "时间": ["2018-01-26 18:24:31"], "标签": ["杂谈"]},
{"标题": ["给父母的四个建议"], "时间": ["2016-05-30 21:18:10"], "标签": ["杂谈"]},
{"标题": ["给中国学生的第六封信——选择的智慧（1）"], "时间": ["2006-09-26 10:13:43"], "分类": ["写给中国学生的信"]},
